,req_id,t,req_info,pl_num
0,0,0,[0 0 0 0],13
1,1,0,[0 0 0 0],13
2,2,401,[83  0  0  2],12
3,3,0,[0 0 0 0],13
4,4,0,[0 0 0 0],13
5,5,0,[0 0 0 0],13
6,6,402,[42  1  1  1],5
7,7,0,[0 0 0 0],13
8,8,403,[143   0   0   2],12
9,9,404,[74  1  0  2],6
10,10,0,[0 0 0 0],13
11,11,0,[0 0 0 0],13
12,12,0,[0 0 0 0],13
13,13,0,[0 0 0 0],13
14,14,0,[0 0 0 0],13
15,15,0,[0 0 0 0],13
16,16,0,[0 0 0 0],13
17,17,0,[344   1   0   0],4
18,18,0,[0 0 0 0],13
19,19,0,[0 0 0 0],13
20,20,0,[0 0 0 0],13
21,21,0,[0 0 0 0],13
22,22,0,[0 0 0 0],13
23,23,0,[0 0 0 0],13
24,24,405,[56  1  0  1],11
25,25,0,[0 0 0 0],13
26,26,0,[0 0 0 0],13
27,27,0,[0 0 0 0],13
28,28,0,[0 0 0 0],13
29,29,0,[0 0 0 0],13
30,30,0,[0 0 0 0],13
31,31,0,[0 0 0 0],13
32,32,0,[0 0 0 0],13
33,33,406,[43  0  0  1],5
34,34,0,[0 0 0 0],13
35,35,0,[0 0 0 0],13
36,36,0,[0 0 0 0],13
37,37,0,[0 0 0 0],13
38,38,0,[0 0 0 0],13
39,39,0,[0 0 0 0],13
40,40,0,[0 0 0 0],13
41,41,0,[0 0 0 0],13
42,42,0,[0 0 0 0],13
43,43,0,[0 0 0 0],13
44,44,407,[18  1  0  1],11
45,45,0,[0 0 0 0],13
46,46,0,[0 0 0 0],13
47,47,0,[0 0 0 0],13
48,48,1,[1301    1    0    0],12
49,49,0,[0 0 0 0],13
50,50,0,[0 0 0 0],13
51,51,0,[0 0 0 0],13
52,52,0,[0 0 0 0],13
53,53,0,[0 0 0 0],13
54,54,0,[0 0 0 0],13
55,55,0,[0 0 0 0],13
56,56,0,[0 0 0 0],13
57,57,0,[0 0 0 0],13
58,58,0,[0 0 0 0],13
59,59,0,[0 0 0 0],13
60,60,0,[0 0 0 0],13
61,61,0,[0 0 0 0],13
62,62,0,[0 0 0 0],13
63,63,0,[0 0 0 0],13
64,64,0,[0 0 0 0],13
65,65,0,[0 0 0 0],13
66,66,0,[0 0 0 0],13
67,67,0,[0 0 0 0],13
68,68,0,[0 0 0 0],13
69,69,0,[0 0 0 0],13
70,70,0,[0 0 0 0],13
71,71,408,[23  1  0  1],11
72,72,0,[0 0 0 0],13
73,73,0,[0 0 0 0],13
74,74,0,[0 0 0 0],13
75,75,0,[0 0 0 0],13
76,76,0,[0 0 0 0],13
77,77,0,[0 0 0 0],13
78,78,0,[0 0 0 0],13
79,79,0,[0 0 0 0],13
80,80,0,[0 0 0 0],13
81,81,0,[0 0 0 0],13
82,82,0,[0 0 0 0],13
83,83,0,[0 0 0 0],13
84,84,0,[0 0 0 0],13
85,85,0,[0 0 0 0],13
86,86,0,[0 0 0 0],13
87,87,0,[0 0 0 0],13
88,88,0,[0 0 0 0],13
89,89,2,[301   0   0   0],10
90,90,0,[0 0 0 0],13
91,91,0,[0 0 0 0],13
92,92,0,[0 0 0 0],13
93,93,0,[0 0 0 0],13
94,94,0,[0 0 0 0],13
95,95,0,[0 0 0 0],13
96,96,0,[0 0 0 0],13
97,97,0,[0 0 0 0],13
98,98,0,[0 0 0 0],13
99,99,0,[0 0 0 0],13
100,100,0,[0 0 0 0],13
101,101,0,[0 0 0 0],13
102,102,0,[0 0 0 0],13
103,103,0,[0 0 0 0],13
104,104,0,[0 0 0 0],13
105,105,0,[0 0 0 0],13
106,106,0,[0 0 0 0],13
107,107,0,[0 0 0 0],13
108,108,0,[0 0 0 0],13
109,109,0,[0 0 0 0],13
110,110,0,[0 0 0 0],13
111,111,0,[0 0 0 0],13
112,112,0,[0 0 0 0],13
113,113,0,[0 0 0 0],13
114,114,0,[0 0 0 0],13
115,115,0,[0 0 0 0],13
116,116,0,[0 0 0 0],13
117,117,0,[0 0 0 0],13
118,118,0,[0 0 0 0],13
119,119,0,[0 0 0 0],13
120,120,0,[0 0 0 0],13
121,121,0,[0 0 0 0],13
122,122,0,[0 0 0 0],13
123,123,0,[0 0 0 0],13
124,124,0,[0 0 0 0],13
125,125,0,[0 0 0 0],13
126,126,0,[0 0 0 0],13
127,127,0,[0 0 0 0],13
128,128,0,[0 0 0 0],13
129,129,0,[0 0 0 0],13
130,130,409,[45  1  1  1],5
131,131,0,[0 0 0 0],13
132,132,0,[0 0 0 0],13
133,133,0,[0 0 0 0],13
134,134,0,[0 0 0 0],13
135,135,0,[0 0 0 0],13
136,136,0,[0 0 0 0],13
137,137,0,[0 0 0 0],13
138,138,0,[0 0 0 0],13
139,139,0,[0 0 0 0],13
140,140,0,[0 0 0 0],13
141,141,0,[0 0 0 0],13
142,142,0,[0 0 0 0],13
143,143,0,[0 0 0 0],13
144,144,0,[0 0 0 0],13
145,145,0,[0 0 0 0],13
146,146,0,[0 0 0 0],13
147,147,0,[0 0 0 0],13
148,148,0,[0 0 0 0],13
149,149,0,[0 0 0 0],13
150,150,0,[0 0 0 0],13
151,151,0,[0 0 0 0],13
152,152,0,[0 0 0 0],13
153,153,0,[0 0 0 0],13
154,154,0,[0 0 0 0],13
155,155,0,[0 0 0 0],13
156,156,0,[0 0 0 0],13
157,157,0,[0 0 0 0],13
158,158,0,[0 0 0 0],13
159,159,0,[0 0 0 0],13
160,160,0,[0 0 0 0],13
161,161,0,[0 0 0 0],13
162,162,0,[0 0 0 0],13
163,163,0,[0 0 0 0],13
164,164,0,[0 0 0 0],13
165,165,0,[0 0 0 0],13
166,166,3,[1334    1    0    0],10
167,167,0,[0 0 0 0],13
168,168,0,[0 0 0 0],13
169,169,0,[0 0 0 0],13
170,170,0,[0 0 0 0],13
171,171,0,[0 0 0 0],13
172,172,0,[0 0 0 0],13
173,173,0,[0 0 0 0],13
174,174,0,[0 0 0 0],13
175,175,0,[0 0 0 0],13
176,176,0,[0 0 0 0],13
177,177,0,[0 0 0 0],13
178,178,0,[0 0 0 0],13
179,179,0,[0 0 0 0],13
180,180,0,[0 0 0 0],13
181,181,0,[0 0 0 0],13
182,182,0,[0 0 0 0],13
183,183,0,[0 0 0 0],13
184,184,0,[0 0 0 0],13
185,185,0,[0 0 0 0],13
186,186,0,[0 0 0 0],13
187,187,0,[0 0 0 0],13
188,188,0,[0 0 0 0],13
189,189,0,[0 0 0 0],13
190,190,0,[0 0 0 0],13
191,191,0,[0 0 0 0],13
192,192,0,[0 0 0 0],13
193,193,0,[0 0 0 0],13
194,194,0,[0 0 0 0],13
195,195,0,[0 0 0 0],13
196,196,0,[0 0 0 0],13
197,197,0,[0 0 0 0],13
198,198,0,[0 0 0 0],13
199,199,0,[0 0 0 0],13
200,200,0,[0 0 0 0],13
201,201,0,[0 0 0 0],13
202,202,4,[825   1   0   0],10
203,203,0,[0 0 0 0],13
204,204,0,[0 0 0 0],13
205,205,0,[0 0 0 0],13
206,206,0,[0 0 0 0],13
207,207,0,[0 0 0 0],13
208,208,0,[0 0 0 0],13
209,209,0,[0 0 0 0],13
210,210,0,[0 0 0 0],13
211,211,0,[0 0 0 0],13
212,212,0,[0 0 0 0],13
213,213,0,[0 0 0 0],13
214,214,0,[0 0 0 0],13
215,215,0,[0 0 0 0],13
216,216,0,[0 0 0 0],13
217,217,0,[0 0 0 0],13
218,218,0,[0 0 0 0],13
219,219,0,[0 0 0 0],13
220,220,0,[0 0 0 0],13
221,221,0,[0 0 0 0],13
222,222,0,[0 0 0 0],13
223,223,0,[0 0 0 0],13
224,224,0,[0 0 0 0],13
225,225,0,[0 0 0 0],13
226,226,0,[0 0 0 0],13
227,227,0,[0 0 0 0],13
228,228,0,[0 0 0 0],13
229,229,0,[0 0 0 0],13
230,230,0,[0 0 0 0],13
231,231,0,[0 0 0 0],13
232,232,0,[0 0 0 0],13
233,233,0,[0 0 0 0],13
234,234,0,[0 0 0 0],13
235,235,0,[0 0 0 0],13
236,236,0,[0 0 0 0],13
237,237,0,[0 0 0 0],13
238,238,0,[0 0 0 0],13
239,239,0,[0 0 0 0],13
240,240,0,[0 0 0 0],13
241,241,0,[0 0 0 0],13
242,242,0,[0 0 0 0],13
243,243,0,[0 0 0 0],13
244,244,0,[0 0 0 0],13
245,245,0,[0 0 0 0],13
246,246,0,[0 0 0 0],13
247,247,0,[0 0 0 0],13
248,248,0,[0 0 0 0],13
249,249,0,[0 0 0 0],13
250,250,0,[0 0 0 0],13
251,251,0,[0 0 0 0],13
252,252,0,[0 0 0 0],13
253,253,0,[0 0 0 0],13
254,254,0,[0 0 0 0],13
255,255,0,[0 0 0 0],13
256,256,0,[0 0 0 0],13
257,257,0,[0 0 0 0],13
258,258,0,[0 0 0 0],13
259,259,0,[0 0 0 0],13
260,260,0,[0 0 0 0],13
261,261,0,[0 0 0 0],13
262,262,0,[0 0 0 0],13
263,263,0,[0 0 0 0],13
264,264,0,[0 0 0 0],13
265,265,0,[0 0 0 0],13
266,266,0,[0 0 0 0],13
267,267,0,[0 0 0 0],13
268,268,0,[0 0 0 0],13
269,269,0,[0 0 0 0],13
270,270,0,[0 0 0 0],13
271,271,0,[0 0 0 0],13
272,272,0,[0 0 0 0],13
273,273,0,[0 0 0 0],13
274,274,5,[245   1   1   0],9
275,275,0,[0 0 0 0],13
276,276,0,[0 0 0 0],13
277,277,0,[0 0 0 0],13
278,278,0,[0 0 0 0],13
279,279,0,[0 0 0 0],13
280,280,0,[0 0 0 0],13
281,281,0,[0 0 0 0],13
282,282,0,[0 0 0 0],13
283,283,0,[0 0 0 0],13
284,284,0,[0 0 0 0],13
285,285,0,[0 0 0 0],13
286,286,0,[0 0 0 0],13
287,287,0,[0 0 0 0],13
288,288,0,[0 0 0 0],13
289,289,0,[0 0 0 0],13
290,290,0,[0 0 0 0],13
291,291,0,[0 0 0 0],13
292,292,0,[0 0 0 0],13
293,293,0,[0 0 0 0],13
294,294,0,[0 0 0 0],13
295,295,0,[0 0 0 0],13
296,296,0,[0 0 0 0],13
297,297,0,[0 0 0 0],13
298,298,0,[0 0 0 0],13
299,299,0,[0 0 0 0],13
300,300,0,[0 0 0 0],13
301,301,0,[0 0 0 0],13
302,302,0,[0 0 0 0],13
303,303,0,[0 0 0 0],13
304,304,0,[0 0 0 0],13
305,305,0,[0 0 0 0],13
306,306,0,[0 0 0 0],13
307,307,0,[0 0 0 0],13
308,308,0,[0 0 0 0],13
309,309,0,[0 0 0 0],13
310,310,0,[0 0 0 0],13
311,311,0,[0 0 0 0],13
312,312,0,[0 0 0 0],13
313,313,0,[0 0 0 0],13
314,314,0,[0 0 0 0],13
315,315,0,[0 0 0 0],13
316,316,0,[0 0 0 0],13
317,317,0,[0 0 0 0],13
318,318,0,[0 0 0 0],13
319,319,0,[0 0 0 0],13
320,320,0,[0 0 0 0],13
321,321,0,[0 0 0 0],13
322,322,0,[0 0 0 0],13
323,323,0,[0 0 0 0],13
324,324,0,[0 0 0 0],13
325,325,0,[0 0 0 0],13
326,326,0,[0 0 0 0],13
327,327,0,[0 0 0 0],13
328,328,0,[0 0 0 0],13
329,329,0,[0 0 0 0],13
330,330,0,[0 0 0 0],13
331,331,0,[0 0 0 0],13
332,332,0,[0 0 0 0],13
333,333,0,[0 0 0 0],13
334,334,0,[0 0 0 0],13
335,335,0,[0 0 0 0],13
336,336,0,[0 0 0 0],13
337,337,0,[0 0 0 0],13
338,338,0,[0 0 0 0],13
339,339,0,[0 0 0 0],13
340,340,0,[0 0 0 0],13
341,341,410,[20  1  1  1],11
342,342,0,[0 0 0 0],13
343,343,0,[0 0 0 0],13
344,344,0,[0 0 0 0],13
345,345,0,[0 0 0 0],13
346,346,0,[0 0 0 0],13
347,347,0,[0 0 0 0],13
348,348,0,[0 0 0 0],13
349,349,0,[0 0 0 0],13
350,350,0,[0 0 0 0],13
351,351,0,[0 0 0 0],13
352,352,0,[0 0 0 0],13
353,353,0,[0 0 0 0],13
354,354,0,[0 0 0 0],13
355,355,0,[0 0 0 0],13
356,356,0,[0 0 0 0],13
357,357,0,[0 0 0 0],13
358,358,0,[0 0 0 0],13
359,359,0,[0 0 0 0],13
360,360,0,[0 0 0 0],13
361,361,0,[0 0 0 0],13
362,362,0,[0 0 0 0],13
363,363,0,[0 0 0 0],13
364,364,0,[0 0 0 0],13
365,365,0,[0 0 0 0],13
366,366,6,[1252    1    1    0],10
367,367,0,[0 0 0 0],13
368,368,0,[0 0 0 0],13
369,369,0,[0 0 0 0],13
370,370,0,[0 0 0 0],13
371,371,0,[0 0 0 0],13
372,372,0,[0 0 0 0],13
373,373,0,[0 0 0 0],13
374,374,0,[0 0 0 0],13
375,375,0,[0 0 0 0],13
376,376,0,[0 0 0 0],13
377,377,0,[0 0 0 0],13
378,378,0,[0 0 0 0],13
379,379,0,[0 0 0 0],13
380,380,0,[0 0 0 0],13
381,381,0,[0 0 0 0],13
382,382,0,[0 0 0 0],13
383,383,0,[0 0 0 0],13
384,384,0,[0 0 0 0],13
385,385,0,[0 0 0 0],13
386,386,0,[0 0 0 0],13
387,387,0,[0 0 0 0],13
388,388,0,[0 0 0 0],13
389,389,0,[0 0 0 0],13
390,390,0,[0 0 0 0],13
391,391,0,[0 0 0 0],13
392,392,0,[0 0 0 0],13
393,393,0,[0 0 0 0],13
394,394,0,[0 0 0 0],13
395,395,0,[0 0 0 0],13
396,396,0,[0 0 0 0],13
397,397,0,[0 0 0 0],13
398,398,0,[0 0 0 0],13
399,399,7,[1233    0    1    0],10
400,400,0,[0 0 0 0],13
401,401,0,[0 0 0 0],13
402,402,0,[0 0 0 0],13
403,403,0,[0 0 0 0],13
404,404,0,[0 0 0 0],13
405,405,0,[0 0 0 0],13
406,406,0,[0 0 0 0],13
407,407,0,[0 0 0 0],13
408,408,0,[0 0 0 0],13
409,409,0,[0 0 0 0],13
410,410,0,[0 0 0 0],13
411,411,0,[0 0 0 0],13
412,412,0,[0 0 0 0],13
413,413,0,[0 0 0 0],13
414,414,0,[0 0 0 0],13
415,415,0,[0 0 0 0],13
416,416,0,[0 0 0 0],13
417,417,0,[0 0 0 0],13
418,418,0,[0 0 0 0],13
419,419,0,[0 0 0 0],13
420,420,8,[1308    0    0    0],10
421,421,10,[189   0   1   0],10
422,421,9,[745   1   1   0],11
423,422,12,[83  1  0  0],11
424,422,11,[31  1  0  0],11
425,423,0,[0 0 0 0],13
426,424,13,[1211    1    0    0],10
427,424,15,[78  1  0  0],10
428,424,14,[109   1   0   0],11
429,425,0,[0 0 0 0],13
430,426,0,[0 0 0 0],13
431,427,17,[1344    1    0    0],10
432,427,16,[1379    1    1    0],11
433,428,0,[0 0 0 0],13
434,429,0,[0 0 0 0],13
435,430,18,[79  1  1  0],10
436,430,19,[1249    0    1    0],11
437,431,0,[0 0 0 0],13
438,432,21,[58  0  0  0],11
439,432,20,[806   1   1   0],11
440,433,22,[1221    0    0    0],11
441,434,23,[575   1   1   0],11
442,435,0,[0 0 0 0],13
443,436,0,[0 0 0 0],13
444,437,0,[0 0 0 0],13
445,438,24,[1342    0    1    0],11
446,439,0,[0 0 0 0],13
447,440,25,[191   0   0   0],10
448,441,26,[1393    1    1    0],11
449,442,0,[0 0 0 0],13
450,443,28,[1100    1    1    0],10
451,443,27,[242   1   1   0],5
452,444,29,[1252    1    1    0],5
453,445,30,[1339    0    0    0],5
454,446,31,[27  1  1  0],5
455,447,0,[0 0 0 0],13
456,448,32,[96  0  1  0],1
457,449,0,[0 0 0 0],13
458,450,0,[0 0 0 0],13
459,451,33,[694   0   0   0],5
460,452,0,[0 0 0 0],13
461,453,34,[1271    1    0    0],5
462,453,35,[1267    0    0    0],5
463,454,0,[0 0 0 0],13
464,455,0,[0 0 0 0],13
465,456,36,[105   1   0   0],5
466,457,0,[0 0 0 0],13
467,458,0,[0 0 0 0],13
468,459,37,[1359    1    0    0],10
469,460,38,[1507    1    0    0],4
470,461,39,[37  1  0  0],11
471,461,40,[1363    0    0    0],4
472,462,41,[108   1   0   0],1
473,463,0,[0 0 0 0],13
474,464,43,[1173    0    1    0],1
475,464,42,[1283    1    0    0],10
476,465,44,[1313    1    0    0],7
477,466,0,[0 0 0 0],13
478,467,0,[0 0 0 0],13
479,468,0,[0 0 0 0],13
480,469,0,[0 0 0 0],13
481,470,45,[295   1   1   0],10
482,471,46,[1157    1    1    0],12
483,472,47,[128   0   1   0],4
484,473,49,[1292    1    1    0],3
485,473,50,[815   1   1   0],1
486,473,48,[727   0   0   0],1
487,474,51,[1159    1    1    0],1
488,475,52,[64  1  1  0],5
489,475,53,[483   1   0   0],1
490,476,0,[0 0 0 0],13
491,477,54,[1228    1    1    0],4
492,478,55,[1255    0    1    0],4
493,479,0,[0 0 0 0],13
494,480,56,[669   1   0   0],4
495,481,57,[535   0   0   0],4
496,482,0,[0 0 0 0],13
497,483,58,[45  1  0  0],12
498,484,59,[69  0  0  0],6
499,484,60,[131   0   0   0],1
500,485,61,[784   1   1   0],1
501,486,0,[0 0 0 0],13
502,487,64,[0 1 0 0],3
503,487,62,[1536    1    0    0],1
504,487,63,[1098    1    0    0],1
505,488,65,[583   1   1   0],1
506,489,66,[580   1   1   0],1
507,490,0,[0 0 0 0],13
508,491,67,[22  1  1  0],1
509,492,68,[780   0   1   0],11
510,492,69,[185   0   1   0],1
511,493,0,[0 0 0 0],13
512,494,70,[166   1   1   0],4
513,495,72,[688   1   0   0],0
514,495,71,[35  1  0  0],7
515,496,73,[79  0  0  0],6
516,496,74,[66  0  0  0],1
517,497,75,[491   0   0   0],4
518,498,0,[0 0 0 0],13
519,499,76,[615   0   0   0],3
520,500,0,[0 0 0 0],13
521,501,0,[0 0 0 0],13
522,502,0,[0 0 0 0],13
523,503,77,[61  0  0  0],2
524,504,78,[712   1   1   0],10
525,505,79,[502   1   1   0],11
526,506,0,[0 0 0 0],13
527,507,80,[626   1   1   0],11
528,508,411,[91  1  1  2],2
529,508,82,[71  1  0  0],1
530,508,81,[687   1   1   0],1
531,509,0,[0 0 0 0],13
532,510,83,[65  0  1  0],4
533,510,84,[30  0  1  0],11
534,511,0,[0 0 0 0],13
535,512,85,[618   1   1   0],1
536,512,86,[145   0   0   0],1
537,513,0,[0 0 0 0],13
538,514,87,[0 1 1 0],2
539,515,0,[0 0 0 0],13
540,516,0,[0 0 0 0],13
541,517,88,[1224    1    0    0],1
542,517,89,[637   0   0   0],8
543,518,91,[770   1   1   0],8
544,518,92,[136   1   0   0],8
545,518,90,[1227    1    1    0],7
546,518,94,[640   1   0   0],7
547,518,93,[393   1   1   0],7
548,519,0,[0 0 0 0],13
549,520,0,[0 0 0 0],13
550,521,95,[359   1   1   0],9
551,522,0,[0 0 0 0],13
552,523,96,[711   1   1   0],3
553,524,97,[685   0   1   0],2
554,524,98,[727   0   1   0],8
555,525,99,[1444    1    0    0],3
556,526,0,[0 0 0 0],13
557,527,100,[620   1   0   0],2
558,528,0,[0 0 0 0],13
559,529,101,[541   1   0   0],0
560,530,102,[387   0   0   0],12
561,531,0,[0 0 0 0],13
562,532,105,[705   1   0   0],7
563,532,104,[96  1  0  0],2
564,532,106,[68  1  1  0],2
565,532,103,[325   0   0   0],0
566,533,107,[64  0  0  0],0
567,533,109,[1126    1    1    0],2
568,533,108,[1210    0    1    0],2
569,533,110,[38  1  1  0],2
570,534,111,[693   1   0   0],2
571,534,112,[756   0   0   0],11
572,534,113,[941   0   0   0],2
573,535,114,[728   0   0   0],2
574,536,0,[0 0 0 0],13
575,537,115,[100   1   1   0],2
576,537,116,[789   0   0   0],0
577,538,0,[0 0 0 0],13
578,539,0,[0 0 0 0],13
579,540,0,[0 0 0 0],13
580,541,117,[829   0   0   0],5
581,542,118,[661   0   0   0],2
582,542,119,[783   0   0   0],11
583,543,120,[546   1   0   0],2
584,544,121,[619   1   1   0],2
585,544,122,[703   0   0   0],0
586,544,123,[678   0   1   0],0
587,545,124,[124   0   0   0],0
588,546,0,[0 0 0 0],13
589,547,126,[617   1   0   0],0
590,547,127,[16  0  1  0],0
591,547,125,[560   1   0   0],0
592,548,128,[628   0   1   0],0
593,549,0,[0 0 0 0],13
594,550,0,[0 0 0 0],13
595,551,412,[28  0  0  1],0
596,552,0,[0 0 0 0],13
597,553,0,[0 0 0 0],13
598,554,130,[133   0   0   0],0
599,554,129,[75  0  0  0],6
600,555,132,[1106    0    1    0],1
601,555,131,[368   0   0   0],0
602,556,0,[0 0 0 0],13
603,557,0,[0 0 0 0],13
604,558,134,[492   1   1   0],0
605,558,133,[36  0  1  0],0
606,559,135,[133   1   1   0],0
607,560,0,[0 0 0 0],13
608,561,136,[531   1   1   0],0
609,561,137,[789   0   0   0],0
610,562,138,[573   0   1   0],0
611,563,139,[65  0  1  0],0
612,563,140,[297   0   1   0],1
613,563,141,[432   1   1   0],4
614,564,142,[17  1  1  0],0
615,565,0,[0 0 0 0],13
616,566,143,[686   1   0   0],2
617,567,145,[10  0  1  0],0
618,567,144,[432   1   1   0],0
619,568,0,[0 0 0 0],13
620,569,146,[867   0   1   0],0
621,570,147,[435   0   1   0],0
622,570,148,[797   1   1   0],0
623,571,0,[0 0 0 0],13
624,572,0,[0 0 0 0],13
625,573,149,[680   1   1   0],0
626,574,0,[0 0 0 0],13
627,575,150,[38  1  0  0],2
628,575,151,[508   1   0   0],0
629,575,413,[55  0  0  1],0
630,576,153,[1296    1    1    0],0
631,576,152,[0 0 1 0],6
632,577,154,[792   0   0   0],0
633,577,155,[835   0   1   0],6
634,578,0,[0 0 0 0],13
635,579,156,[766   0   0   0],1
636,580,0,[0 0 0 0],13
637,581,157,[40  1  1  0],0
638,582,0,[0 0 0 0],13
639,583,158,[265   1   1   0],0
640,584,159,[776   0   1   0],0
641,585,414,[54  0  0  1],0
642,585,160,[0 0 0 0],13
643,586,162,[771   1   0   0],0
644,586,161,[821   1   0   0],0
645,587,163,[642   1   0   0],0
646,588,164,[348   1   0   0],1
647,589,165,[570   1   1   0],4
648,590,167,[621   1   1   0],0
649,590,168,[1211    1    0    0],0
650,590,166,[476   1   1   0],0
651,591,169,[31  0  0  0],0
652,592,0,[0 0 0 0],13
653,593,170,[462   1   0   0],0
654,594,171,[529   1   0   0],0
655,595,172,[746   0   1   0],0
656,596,173,[93  1  0  0],0
657,597,174,[654   1   0   0],0
658,598,175,[465   0   1   0],0
659,599,0,[0 0 0 0],13
660,600,0,[0 0 0 0],13
661,601,176,[741   0   0   0],0
662,601,177,[683   1   0   0],2
663,602,178,[207   0   1   0],0
664,603,179,[1192    0    1    0],0
665,604,180,[606   1   0   0],4
666,605,0,[0 0 0 0],13
667,606,0,[0 0 0 0],13
668,607,181,[1142    1    0    0],1
669,608,182,[1395    1    1    0],0
670,609,0,[0 0 0 0],13
671,610,183,[751   0   0   0],0
672,611,0,[0 0 0 0],13
673,612,185,[686   0   1   0],10
674,612,184,[847   0   0   0],0
675,613,186,[1389    1    1    0],0
676,614,188,[660   1   1   0],0
677,614,187,[71  1  0  0],0
678,615,189,[74  0  1  0],0
679,615,190,[620   0   0   0],2
680,615,415,[53  0  0  1],0
681,616,192,[630   1   1   0],0
682,616,191,[634   0   1   0],0
683,617,0,[0 0 0 0],13
684,618,0,[0 0 0 0],13
685,619,193,[1278    0    0    0],1
686,620,0,[0 0 0 0],13
687,621,0,[0 0 0 0],13
688,622,194,[28  0  0  0],0
689,623,0,[0 0 0 0],13
690,624,196,[26  1  1  0],0
691,624,195,[775   0   0   0],0
692,624,416,[42  1  1  1],0
693,625,417,[61  0  0  2],2
694,626,0,[0 0 0 0],13
695,627,0,[0 0 0 0],13
696,628,197,[588   1   1   0],0
697,628,198,[83  0  1  0],0
698,628,199,[71  1  0  0],0
699,628,200,[120   1   1   0],0
700,629,202,[253   1   0   0],0
701,629,201,[127   1   0   0],0
702,630,0,[0 0 0 0],13
703,631,0,[0 0 0 0],13
704,632,0,[0 0 0 0],13
705,633,203,[1209    0    1    0],0
706,634,418,[32  1  0  1],0
707,634,205,[532   1   1   0],0
708,634,204,[37  1  0  0],4
709,635,206,[1088    1    0    0],10
710,636,0,[0 0 0 0],13
711,637,207,[755   0   1   0],0
712,638,0,[0 0 0 0],13
713,639,419,[25  0  1  1],2
714,639,208,[63  1  0  0],0
715,639,420,[54  0  0  1],0
716,640,210,[669   0   0   0],0
717,640,209,[486   1   1   0],0
718,641,421,[42  1  1  1],0
719,642,0,[0 0 0 0],13
720,643,212,[473   0   0   0],0
721,643,211,[466   1   1   0],0
722,644,0,[0 0 0 0],13
723,645,0,[0 0 0 0],13
724,646,0,[0 0 0 0],13
725,647,0,[0 0 0 0],13
726,648,0,[0 0 0 0],13
727,649,0,[0 0 0 0],13
728,650,422,[98  0  1  2],2
729,650,213,[705   0   1   0],0
730,651,214,[1219    0    1    0],0
731,652,423,[89  0  0  2],2
732,653,0,[0 0 0 0],13
733,654,215,[21  1  0  0],0
734,655,0,[0 0 0 0],13
735,656,216,[75  1  0  0],0
736,657,0,[0 0 0 0],13
737,658,217,[1227    0    1    0],0
738,659,0,[0 0 0 0],13
739,660,0,[0 0 0 0],13
740,661,0,[0 0 0 0],13
741,662,218,[570   0   1   0],1
742,662,424,[45  1  1  1],0
743,663,0,[0 0 0 0],13
744,664,425,[6 1 1 1],8
745,665,0,[0 0 0 0],13
746,666,0,[0 0 0 0],13
747,667,0,[0 0 0 0],13
748,668,0,[0 0 0 0],13
749,669,0,[0 0 0 0],13
750,670,0,[0 0 0 0],13
751,671,219,[1271    1    0    0],4
752,671,426,[67  1  0  2],2
753,672,0,[0 0 0 0],13
754,673,220,[179   1   0   0],0
755,673,427,[64  0  1  2],2
756,674,0,[0 0 0 0],13
757,675,428,[122   1   1   2],2
758,676,221,[145   1   1   0],4
759,677,429,[46  1  0  1],8
760,678,430,[65  0  0  2],2
761,679,0,[0 0 0 0],13
762,680,0,[0 0 0 0],13
763,681,0,[0 0 0 0],13
764,682,431,[43  0  1  1],0
765,683,0,[0 0 0 0],13
766,684,0,[0 0 0 0],13
767,685,0,[0 0 0 0],13
768,686,0,[0 0 0 0],13
769,687,223,[511   0   0   0],0
770,687,222,[207   1   1   0],0
771,687,432,[49  0  0  1],5
772,688,224,[53  1  0  0],1
773,689,433,[68  1  0  2],2
774,690,434,[23  0  0  1],0
775,690,225,[141   0   1   0],0
776,691,0,[0 0 0 0],13
777,692,0,[0 0 0 0],13
778,693,226,[561   0   0   0],0
779,694,227,[656   1   0   0],0
780,695,228,[1171    1    1    0],0
781,696,0,[0 0 0 0],13
782,697,0,[0 0 0 0],13
783,698,0,[0 0 0 0],13
784,699,230,[50  1  0  0],0
785,699,229,[81  0  0  0],0
786,700,435,[56  0  0  1],0
787,700,231,[627   0   1   0],0
788,701,0,[0 0 0 0],13
789,702,437,[27  1  1  1],0
790,702,436,[1 0 1 1],0
791,702,438,[37  1  1  1],0
792,703,0,[0 0 0 0],13
793,704,0,[0 0 0 0],13
794,705,232,[1367    1    1    0],0
795,705,439,[57  1  0  1],0
796,706,233,[876   0   1   0],0
797,707,234,[486   0   1   0],0
798,707,235,[153   1   1   0],0
799,708,0,[0 0 0 0],13
800,709,236,[663   0   0   0],0
801,709,440,[12  1  0  1],0
802,710,441,[13  0  1  1],0
803,711,0,[0 0 0 0],13
804,712,442,[61  0  0  2],2
805,713,237,[14  1  1  0],0
806,714,443,[25  1  1  1],0
807,715,238,[187   0   1   0],0
808,715,444,[10  1  0  1],0
809,715,239,[34  1  1  0],0
810,716,445,[26  1  1  1],0
811,717,240,[369   0   1   0],0
812,717,241,[104   0   1   0],0
813,718,0,[0 0 0 0],13
814,719,242,[1021    0    0    0],0
815,719,243,[718   0   0   0],0
816,720,0,[0 0 0 0],13
817,721,245,[1279    1    0    0],0
818,721,244,[56  1  1  0],0
819,722,0,[0 0 0 0],13
820,723,0,[0 0 0 0],13
821,724,246,[656   0   1   0],0
822,725,247,[1489    1    0    0],0
823,726,446,[65  1  1  2],2
824,727,447,[29  0  0  1],0
825,728,0,[0 0 0 0],13
826,729,0,[0 0 0 0],13
827,730,248,[87  1  0  0],0
828,730,448,[71  1  0  2],2
829,731,0,[0 0 0 0],13
830,732,0,[0 0 0 0],13
831,733,249,[196   1   1   0],0
832,733,449,[54  0  1  1],8
833,734,0,[0 0 0 0],13
834,735,0,[0 0 0 0],13
835,736,0,[0 0 0 0],13
836,737,0,[0 0 0 0],13
837,738,250,[96  1  1  0],0
838,739,0,[0 0 0 0],13
839,740,0,[0 0 0 0],13
840,741,0,[0 0 0 0],13
841,742,450,[47  1  0  1],5
842,743,451,[71  1  1  2],2
843,743,452,[45  0  0  1],0
844,744,0,[0 0 0 0],13
845,745,251,[560   1   0   0],0
846,745,252,[83  0  0  0],1
847,746,0,[0 0 0 0],13
848,747,0,[0 0 0 0],13
849,748,0,[0 0 0 0],13
850,749,0,[0 0 0 0],13
851,750,454,[56  1  0  1],0
852,750,453,[72  1  1  2],2
853,751,0,[0 0 0 0],13
854,752,0,[0 0 0 0],13
855,753,0,[0 0 0 0],13
856,754,455,[112   1   0   2],2
857,754,253,[19  1  1  0],0
858,755,456,[36  0  1  1],0
859,755,254,[41  1  1  0],0
860,755,457,[3 0 1 1],0
861,756,0,[0 0 0 0],13
862,757,0,[0 0 0 0],13
863,758,0,[0 0 0 0],13
864,759,0,[0 0 0 0],13
865,760,0,[0 0 0 0],13
866,761,0,[0 0 0 0],13
867,762,255,[1367    0    1    0],0
868,763,458,[21  0  1  1],0
869,763,256,[5 1 0 0],1
870,764,0,[0 0 0 0],13
871,765,0,[0 0 0 0],13
872,766,0,[0 0 0 0],13
873,767,459,[68  1  1  2],12
874,768,0,[0 0 0 0],13
875,769,0,[0 0 0 0],13
876,770,460,[34  1  1  1],0
877,771,257,[426   0   1   0],0
878,772,461,[94  1  0  2],2
879,773,0,[0 0 0 0],13
880,774,0,[0 0 0 0],13
881,775,0,[0 0 0 0],13
882,776,0,[0 0 0 0],13
883,777,0,[0 0 0 0],13
884,778,0,[0 0 0 0],13
885,779,462,[40  0  1  1],0
886,780,0,[0 0 0 0],13
887,781,0,[0 0 0 0],13
888,782,0,[0 0 0 0],13
889,783,0,[0 0 0 0],13
890,784,0,[0 0 0 0],13
891,785,463,[61  1  1  2],2
892,786,0,[0 0 0 0],13
893,787,259,[590   0   1   0],0
894,787,258,[627   1   1   0],1
895,788,0,[0 0 0 0],13
896,789,0,[0 0 0 0],13
897,790,0,[0 0 0 0],13
898,791,0,[0 0 0 0],13
899,792,0,[0 0 0 0],13
900,793,0,[0 0 0 0],13
901,794,260,[373   0   1   0],5
902,795,0,[0 0 0 0],13
903,796,0,[0 0 0 0],13
904,797,0,[0 0 0 0],13
905,798,0,[0 0 0 0],13
906,799,0,[0 0 0 0],13
907,800,0,[0 0 0 0],13
908,801,0,[0 0 0 0],13
909,802,261,[560   1   0   0],8
910,803,0,[0 0 0 0],13
911,804,262,[1432    0    1    0],0
912,805,0,[0 0 0 0],13
913,806,0,[0 0 0 0],13
914,807,0,[0 0 0 0],13
915,808,0,[0 0 0 0],13
916,809,0,[0 0 0 0],13
917,810,0,[0 0 0 0],13
918,811,0,[0 0 0 0],13
919,812,0,[0 0 0 0],13
920,813,0,[0 0 0 0],13
921,814,263,[96  0  0  0],0
922,815,0,[0 0 0 0],13
923,816,264,[1349    1    1    0],0
924,817,0,[0 0 0 0],13
925,818,0,[0 0 0 0],13
926,819,0,[0 0 0 0],13
927,820,0,[0 0 0 0],13
928,821,265,[479   0   0   0],1
929,822,0,[0 0 0 0],13
930,823,266,[471   0   1   0],0
931,824,0,[0 0 0 0],13
932,825,267,[425   0   1   0],5
933,826,0,[0 0 0 0],13
934,827,0,[0 0 0 0],13
935,828,0,[0 0 0 0],13
936,829,0,[0 0 0 0],13
937,830,0,[0 0 0 0],13
938,831,0,[0 0 0 0],13
939,832,268,[314   1   1   0],0
940,833,0,[0 0 0 0],13
941,834,0,[0 0 0 0],13
942,835,0,[0 0 0 0],13
943,836,0,[0 0 0 0],13
944,837,0,[0 0 0 0],13
945,838,0,[0 0 0 0],13
946,839,0,[0 0 0 0],13
947,840,0,[0 0 0 0],13
948,841,0,[0 0 0 0],13
949,842,269,[71  0  1  0],12
950,843,270,[704   1   0   0],0
951,844,0,[0 0 0 0],13
952,845,0,[0 0 0 0],13
953,846,0,[0 0 0 0],13
954,847,0,[0 0 0 0],13
955,848,0,[0 0 0 0],13
956,849,271,[94  1  0  0],0
957,849,272,[316   0   1   0],0
958,850,0,[0 0 0 0],13
959,851,0,[0 0 0 0],13
960,852,0,[0 0 0 0],13
961,853,0,[0 0 0 0],13
962,854,0,[0 0 0 0],13
963,855,0,[0 0 0 0],13
964,856,0,[0 0 0 0],13
965,857,273,[293   0   1   0],0
966,858,464,[37  0  1  1],0
967,859,0,[0 0 0 0],13
968,860,0,[0 0 0 0],13
969,861,0,[0 0 0 0],13
970,862,0,[0 0 0 0],13
971,863,465,[66  0  1  2],2
972,864,0,[0 0 0 0],13
973,865,0,[0 0 0 0],13
974,866,0,[0 0 0 0],13
975,867,0,[0 0 0 0],13
976,868,0,[0 0 0 0],13
977,869,0,[0 0 0 0],13
978,870,0,[0 0 0 0],13
979,871,274,[582   1   1   0],0
980,872,275,[725   1   0   0],2
981,873,0,[0 0 0 0],13
982,874,0,[0 0 0 0],13
983,875,466,[64  0  1  2],2
984,876,276,[856   1   0   0],0
985,877,0,[0 0 0 0],13
986,878,0,[0 0 0 0],13
987,879,277,[43  1  0  0],0
988,879,278,[162   1   1   0],0
989,880,0,[0 0 0 0],13
990,881,0,[0 0 0 0],13
991,882,279,[43  0  1  0],0
992,883,0,[0 0 0 0],13
993,884,0,[0 0 0 0],13
994,885,0,[0 0 0 0],13
995,886,280,[73  0  1  0],8
996,887,0,[0 0 0 0],13
997,888,0,[0 0 0 0],13
998,889,467,[73  0  1  2],2
999,890,0,[0 0 0 0],13
1000,891,0,[0 0 0 0],13
1001,892,0,[0 0 0 0],13
1002,893,0,[0 0 0 0],13
1003,894,0,[0 0 0 0],13
1004,895,0,[0 0 0 0],13
1005,896,0,[0 0 0 0],13
1006,897,0,[0 0 0 0],13
1007,898,0,[0 0 0 0],13
1008,899,281,[239   1   1   0],0
1009,900,0,[0 0 0 0],13
1010,901,0,[0 0 0 0],13
1011,902,0,[0 0 0 0],13
1012,903,0,[0 0 0 0],13
1013,904,0,[0 0 0 0],13
1014,905,0,[0 0 0 0],13
1015,906,0,[0 0 0 0],13
1016,907,0,[0 0 0 0],13
1017,908,0,[0 0 0 0],13
1018,909,282,[790   1   0   0],0
1019,910,0,[0 0 0 0],13
1020,911,0,[0 0 0 0],13
1021,912,0,[0 0 0 0],13
1022,913,0,[0 0 0 0],13
1023,914,283,[626   1   0   0],0
1024,915,284,[12  1  0  0],0
1025,916,0,[0 0 0 0],13
1026,917,285,[395   0   1   0],12
1027,918,0,[0 0 0 0],13
1028,919,0,[0 0 0 0],13
1029,920,0,[0 0 0 0],13
1030,921,0,[0 0 0 0],13
1031,922,286,[15  0  0  0],11
1032,923,287,[613   1   1   0],0
1033,924,0,[0 0 0 0],13
1034,925,288,[576   1   0   0],0
1035,926,0,[0 0 0 0],13
1036,927,0,[0 0 0 0],13
1037,928,0,[0 0 0 0],13
1038,929,289,[680   0   0   0],7
1039,930,0,[0 0 0 0],13
1040,931,0,[0 0 0 0],13
1041,932,0,[0 0 0 0],13
1042,933,0,[0 0 0 0],13
1043,934,0,[0 0 0 0],13
1044,935,0,[0 0 0 0],13
1045,936,0,[0 0 0 0],13
1046,937,0,[0 0 0 0],13
1047,938,0,[0 0 0 0],13
1048,939,0,[0 0 0 0],13
1049,940,0,[0 0 0 0],13
1050,941,0,[0 0 0 0],13
1051,942,0,[0 0 0 0],13
1052,943,0,[0 0 0 0],13
1053,944,0,[0 0 0 0],13
1054,945,0,[0 0 0 0],13
1055,946,0,[0 0 0 0],13
1056,947,0,[0 0 0 0],13
1057,948,0,[0 0 0 0],13
1058,949,0,[0 0 0 0],13
1059,950,0,[0 0 0 0],13
1060,951,0,[0 0 0 0],13
1061,952,0,[0 0 0 0],13
1062,953,0,[0 0 0 0],13
1063,954,0,[0 0 0 0],13
1064,955,290,[634   1   0   0],0
1065,956,0,[0 0 0 0],13
1066,957,0,[0 0 0 0],13
1067,958,0,[0 0 0 0],13
1068,959,0,[0 0 0 0],13
1069,960,0,[0 0 0 0],13
1070,961,0,[0 0 0 0],13
1071,962,0,[0 0 0 0],13
1072,963,0,[0 0 0 0],13
1073,964,0,[0 0 0 0],13
1074,965,0,[0 0 0 0],13
1075,966,291,[510   0   0   0],11
1076,966,292,[1347    1    1    0],2
1077,967,0,[0 0 0 0],13
1078,968,0,[0 0 0 0],13
1079,969,0,[0 0 0 0],13
1080,970,0,[0 0 0 0],13
1081,971,293,[561   0   0   0],2
1082,971,294,[637   0   0   0],8
1083,972,0,[0 0 0 0],13
1084,973,0,[0 0 0 0],13
1085,974,295,[409   1   0   0],1
1086,975,0,[0 0 0 0],13
1087,976,0,[0 0 0 0],13
1088,977,0,[0 0 0 0],13
1089,978,0,[0 0 0 0],13
1090,979,0,[0 0 0 0],13
1091,980,0,[0 0 0 0],13
1092,981,0,[0 0 0 0],13
1093,982,0,[0 0 0 0],13
1094,983,0,[0 0 0 0],13
1095,984,0,[0 0 0 0],13
1096,985,0,[0 0 0 0],13
1097,986,0,[0 0 0 0],13
1098,987,0,[0 0 0 0],13
1099,988,296,[165   0   0   0],0
1100,989,0,[0 0 0 0],13
1101,990,0,[0 0 0 0],13
1102,991,297,[733   0   1   0],4
1103,992,0,[0 0 0 0],13
1104,993,0,[0 0 0 0],13
1105,994,0,[0 0 0 0],13
1106,995,0,[0 0 0 0],13
1107,996,0,[0 0 0 0],13
1108,997,0,[0 0 0 0],13
1109,998,0,[0 0 0 0],13
1110,999,298,[589   0   0   0],4
1111,1000,0,[0 0 0 0],13
1112,1001,0,[0 0 0 0],13
1113,1002,0,[0 0 0 0],13
1114,1003,0,[0 0 0 0],13
1115,1004,0,[0 0 0 0],13
1116,1005,0,[0 0 0 0],13
1117,1006,299,[1115    0    0    0],0
1118,1007,0,[0 0 0 0],13
1119,1008,0,[0 0 0 0],13
1120,1009,0,[0 0 0 0],13
1121,1010,0,[0 0 0 0],13
1122,1011,0,[0 0 0 0],13
1123,1012,300,[955   0   0   0],0
1124,1013,0,[0 0 0 0],13
1125,1014,301,[316   0   0   0],11
1126,1015,0,[0 0 0 0],13
1127,1016,302,[873   1   1   0],0
1128,1017,0,[0 0 0 0],13
1129,1018,303,[704   0   0   0],4
1130,1019,0,[0 0 0 0],13
1131,1020,0,[0 0 0 0],13
1132,1021,0,[0 0 0 0],13
1133,1022,0,[0 0 0 0],13
1134,1023,0,[0 0 0 0],13
1135,1024,0,[0 0 0 0],13
1136,1025,0,[0 0 0 0],13
1137,1026,0,[0 0 0 0],13
1138,1027,0,[0 0 0 0],13
1139,1028,0,[0 0 0 0],13
1140,1029,0,[0 0 0 0],13
1141,1030,0,[0 0 0 0],13
1142,1031,304,[651   0   1   0],10
1143,1032,305,[377   0   0   0],10
1144,1033,0,[0 0 0 0],13
1145,1034,306,[149   1   1   0],0
1146,1035,0,[0 0 0 0],13
1147,1036,307,[1406    1    0    0],0
1148,1037,308,[590   0   1   0],0
1149,1038,468,[69  0  1  2],2
1150,1039,0,[0 0 0 0],13
1151,1040,0,[0 0 0 0],13
1152,1041,309,[572   1   0   0],0
1153,1042,310,[557   1   1   0],0
1154,1043,0,[0 0 0 0],13
1155,1044,311,[21  1  1  0],0
1156,1045,0,[0 0 0 0],13
1157,1046,312,[761   0   1   0],0
1158,1047,0,[0 0 0 0],13
1159,1048,0,[0 0 0 0],13
1160,1049,0,[0 0 0 0],13
1161,1050,0,[0 0 0 0],13
1162,1051,0,[0 0 0 0],13
1163,1052,0,[0 0 0 0],13
1164,1053,0,[0 0 0 0],13
1165,1054,0,[0 0 0 0],13
1166,1055,313,[650   0   1   0],0
1167,1056,0,[0 0 0 0],13
1168,1057,0,[0 0 0 0],13
1169,1058,314,[92  0  1  0],0
1170,1059,0,[0 0 0 0],13
1171,1060,315,[792   0   1   0],0
1172,1061,0,[0 0 0 0],13
1173,1062,0,[0 0 0 0],13
1174,1063,317,[934   0   1   0],0
1175,1063,316,[678   1   0   0],0
1176,1064,0,[0 0 0 0],13
1177,1065,0,[0 0 0 0],13
1178,1066,318,[589   1   1   0],0
1179,1067,0,[0 0 0 0],13
1180,1068,0,[0 0 0 0],13
1181,1069,319,[1494    1    0    0],0
1182,1070,0,[0 0 0 0],13
1183,1071,320,[1470    1    1    0],0
1184,1072,0,[0 0 0 0],13
1185,1073,0,[0 0 0 0],13
1186,1074,0,[0 0 0 0],13
1187,1075,0,[0 0 0 0],13
1188,1076,0,[0 0 0 0],13
1189,1077,0,[0 0 0 0],13
1190,1078,321,[366   0   0   0],3
1191,1079,0,[0 0 0 0],13
1192,1080,0,[0 0 0 0],13
1193,1081,0,[0 0 0 0],13
1194,1082,0,[0 0 0 0],13
1195,1083,0,[0 0 0 0],13
1196,1084,0,[0 0 0 0],13
1197,1085,0,[0 0 0 0],13
1198,1086,323,[231   1   0   0],3
1199,1086,322,[512   0   1   0],0
1200,1087,469,[75  1  0  2],2
1201,1088,324,[422   1   0   0],0
1202,1089,326,[1158    1    0    0],0
1203,1089,325,[747   0   0   0],0
1204,1090,0,[0 0 0 0],13
1205,1091,0,[0 0 0 0],13
1206,1092,0,[0 0 0 0],13
1207,1093,0,[0 0 0 0],13
1208,1094,0,[0 0 0 0],13
1209,1095,0,[0 0 0 0],13
1210,1096,470,[41  1  0  1],0
1211,1097,327,[829   1   1   0],0
1212,1097,328,[1303    1    0    0],0
1213,1098,0,[0 0 0 0],13
1214,1099,0,[0 0 0 0],13
1215,1100,329,[350   0   0   0],0
1216,1101,0,[0 0 0 0],13
1217,1102,330,[66  1  1  0],0
1218,1103,0,[0 0 0 0],13
1219,1104,0,[0 0 0 0],13
1220,1105,471,[53  1  0  1],0
1221,1106,0,[0 0 0 0],13
1222,1107,0,[0 0 0 0],13
1223,1108,0,[0 0 0 0],13
1224,1109,331,[158   1   0   0],0
1225,1110,0,[0 0 0 0],13
1226,1111,332,[783   0   0   0],0
1227,1112,0,[0 0 0 0],13
1228,1113,0,[0 0 0 0],13
1229,1114,0,[0 0 0 0],13
1230,1115,0,[0 0 0 0],13
1231,1116,0,[0 0 0 0],13
1232,1117,0,[0 0 0 0],13
1233,1118,0,[0 0 0 0],13
1234,1119,333,[429   0   0   0],0
1235,1120,0,[0 0 0 0],13
1236,1121,0,[0 0 0 0],13
1237,1122,334,[647   1   0   0],0
1238,1123,0,[0 0 0 0],13
1239,1124,0,[0 0 0 0],13
1240,1125,0,[0 0 0 0],13
1241,1126,0,[0 0 0 0],13
1242,1127,0,[0 0 0 0],13
1243,1128,0,[0 0 0 0],13
1244,1129,0,[0 0 0 0],13
1245,1130,0,[0 0 0 0],13
1246,1131,0,[0 0 0 0],13
1247,1132,0,[0 0 0 0],13
1248,1133,335,[685   0   1   0],3
1249,1134,0,[0 0 0 0],13
1250,1135,0,[0 0 0 0],13
1251,1136,0,[0 0 0 0],13
1252,1137,0,[0 0 0 0],13
1253,1138,0,[0 0 0 0],13
1254,1139,336,[631   0   0   0],1
1255,1140,337,[1187    1    0    0],10
1256,1141,0,[0 0 0 0],13
1257,1142,338,[1093    0    0    0],0
1258,1143,0,[0 0 0 0],13
1259,1144,0,[0 0 0 0],13
1260,1145,339,[367   0   0   0],0
1261,1146,0,[0 0 0 0],13
1262,1147,340,[278   1   0   0],5
1263,1148,0,[0 0 0 0],13
1264,1149,472,[53  1  0  1],0
1265,1150,0,[0 0 0 0],13
1266,1151,0,[0 0 0 0],13
1267,1152,0,[0 0 0 0],13
1268,1153,341,[376   0   0   0],4
1269,1153,342,[509   1   1   0],1
1270,1154,0,[0 0 0 0],13
1271,1155,343,[1421    0    0    0],0
1272,1156,473,[53  1  0  1],0
1273,1157,0,[0 0 0 0],13
1274,1158,0,[0 0 0 0],13
1275,1159,0,[0 0 0 0],13
1276,1160,344,[429   0   1   0],7
1277,1160,345,[1392    0    1    0],0
1278,1161,0,[0 0 0 0],13
1279,1162,0,[0 0 0 0],13
1280,1163,0,[0 0 0 0],13
1281,1164,0,[0 0 0 0],13
1282,1165,0,[0 0 0 0],13
1283,1166,0,[0 0 0 0],13
1284,1167,0,[0 0 0 0],13
1285,1168,0,[0 0 0 0],13
1286,1169,0,[0 0 0 0],13
1287,1170,0,[0 0 0 0],13
1288,1171,0,[0 0 0 0],13
1289,1172,346,[482   1   1   0],5
1290,1173,0,[0 0 0 0],13
1291,1174,0,[0 0 0 0],13
1292,1175,0,[0 0 0 0],13
1293,1176,0,[0 0 0 0],13
1294,1177,0,[0 0 0 0],13
1295,1178,347,[1358    1    1    0],2
1296,1179,348,[252   0   1   0],2
1297,1180,0,[0 0 0 0],13
1298,1181,0,[0 0 0 0],13
1299,1182,0,[0 0 0 0],13
1300,1183,0,[0 0 0 0],13
1301,1184,349,[423   0   0   0],4
1302,1185,0,[0 0 0 0],13
1303,1186,0,[0 0 0 0],13
1304,1187,0,[0 0 0 0],13
1305,1188,0,[0 0 0 0],13
1306,1189,0,[0 0 0 0],13
1307,1190,0,[0 0 0 0],13
1308,1191,0,[0 0 0 0],13
1309,1192,0,[0 0 0 0],13
1310,1193,0,[0 0 0 0],13
1311,1194,0,[0 0 0 0],13
1312,1195,0,[0 0 0 0],13
1313,1196,350,[348   1   1   0],10
1314,1197,351,[650   1   0   0],0
1315,1198,0,[0 0 0 0],13
1316,1199,0,[0 0 0 0],13
1317,1200,0,[0 0 0 0],13
1318,1201,352,[390   0   0   0],1
1319,1202,0,[0 0 0 0],13
1320,1203,353,[1316    0    1    0],1
1321,1204,354,[9 1 0 0],7
1322,1205,355,[665   0   1   0],0
1323,1206,0,[0 0 0 0],13
1324,1207,0,[0 0 0 0],13
1325,1208,0,[0 0 0 0],13
1326,1209,356,[1358    0    0    0],0
1327,1210,0,[0 0 0 0],13
1328,1211,357,[1124    1    1    0],1
1329,1212,358,[1490    0    0    0],5
1330,1213,359,[269   0   1   0],0
1331,1214,360,[659   0   0   0],0
1332,1215,0,[0 0 0 0],13
1333,1216,0,[0 0 0 0],13
1334,1217,0,[0 0 0 0],13
1335,1218,0,[0 0 0 0],13
1336,1219,361,[1512    1    1    0],0
1337,1220,362,[601   1   1   0],10
1338,1221,0,[0 0 0 0],13
1339,1222,363,[466   1   0   0],7
1340,1223,0,[0 0 0 0],13
1341,1224,364,[272   0   1   0],0
1342,1225,365,[101   1   1   0],2
1343,1226,0,[0 0 0 0],13
1344,1227,366,[275   0   0   0],0
1345,1228,367,[1388    0    0    0],0
1346,1229,0,[0 0 0 0],13
1347,1230,474,[26  0  0  1],0
1348,1231,0,[0 0 0 0],13
1349,1232,368,[1127    0    1    0],1
1350,1233,0,[0 0 0 0],13
1351,1234,0,[0 0 0 0],13
1352,1235,0,[0 0 0 0],13
1353,1236,369,[779   0   1   0],2
1354,1237,0,[0 0 0 0],13
1355,1238,370,[796   1   1   0],2
1356,1239,475,[66  0  0  2],2
1357,1240,0,[0 0 0 0],13
1358,1241,0,[0 0 0 0],13
1359,1242,0,[0 0 0 0],13
1360,1243,0,[0 0 0 0],13
1361,1244,371,[937   1   0   0],0
1362,1245,476,[60  1  0  1],0
1363,1246,372,[836   0   1   0],1
1364,1247,373,[1241    1    1    0],0
1365,1248,374,[1356    1    1    0],0
1366,1249,0,[0 0 0 0],13
1367,1250,375,[749   0   1   0],10
1368,1251,0,[0 0 0 0],13
1369,1252,0,[0 0 0 0],13
1370,1253,0,[0 0 0 0],13
1371,1254,376,[813   0   0   0],5
1372,1255,377,[153   1   0   0],1
1373,1256,0,[0 0 0 0],13
1374,1257,0,[0 0 0 0],13
1375,1258,378,[690   1   1   0],0
1376,1258,379,[586   1   0   0],8
1377,1259,0,[0 0 0 0],13
1378,1260,0,[0 0 0 0],13
1379,1261,0,[0 0 0 0],13
1380,1262,0,[0 0 0 0],13
1381,1263,0,[0 0 0 0],13
1382,1264,0,[0 0 0 0],13
1383,1265,0,[0 0 0 0],13
1384,1266,0,[0 0 0 0],13
1385,1267,0,[0 0 0 0],13
1386,1268,0,[0 0 0 0],13
1387,1269,380,[526   1   0   0],0
1388,1270,0,[0 0 0 0],13
1389,1271,0,[0 0 0 0],13
1390,1272,381,[856   0   1   0],1
1391,1273,0,[0 0 0 0],13
1392,1274,0,[0 0 0 0],13
1393,1275,0,[0 0 0 0],13
1394,1276,0,[0 0 0 0],13
1395,1277,382,[323   1   1   0],8
1396,1278,0,[0 0 0 0],13
1397,1279,0,[0 0 0 0],13
1398,1280,383,[585   1   1   0],10
1399,1281,0,[0 0 0 0],13
1400,1282,0,[0 0 0 0],13
1401,1283,477,[67  1  1  2],0
1402,1284,0,[0 0 0 0],13
1403,1285,0,[0 0 0 0],13
1404,1286,384,[576   1   0   0],0
1405,1287,0,[0 0 0 0],13
1406,1288,0,[0 0 0 0],13
1407,1289,0,[0 0 0 0],13
1408,1290,478,[57  0  1  1],2
1409,1291,0,[0 0 0 0],13
1410,1292,0,[0 0 0 0],13
1411,1293,0,[0 0 0 0],13
1412,1294,0,[0 0 0 0],13
1413,1295,0,[0 0 0 0],13
1414,1296,0,[0 0 0 0],13
1415,1297,0,[0 0 0 0],13
1416,1298,385,[662   0   0   0],7
1417,1299,0,[0 0 0 0],13
1418,1300,479,[86  1  1  2],2
1419,1301,0,[0 0 0 0],13
1420,1302,0,[0 0 0 0],13
1421,1303,480,[44  0  1  1],0
1422,1304,481,[25  1  1  1],0
1423,1305,0,[0 0 0 0],13
1424,1306,0,[0 0 0 0],13
1425,1307,0,[0 0 0 0],13
1426,1308,0,[0 0 0 0],13
1427,1309,482,[37  1  1  1],2
1428,1310,0,[0 0 0 0],13
1429,1311,0,[0 0 0 0],13
1430,1312,0,[0 0 0 0],13
1431,1313,0,[0 0 0 0],13
1432,1314,0,[0 0 0 0],13
1433,1315,0,[0 0 0 0],13
1434,1316,0,[0 0 0 0],13
1435,1317,0,[0 0 0 0],13
1436,1318,0,[0 0 0 0],13
1437,1319,0,[0 0 0 0],13
1438,1320,0,[0 0 0 0],13
1439,1321,0,[0 0 0 0],13
1440,1322,386,[662   1   0   0],3
1441,1323,0,[0 0 0 0],13
1442,1324,0,[0 0 0 0],13
1443,1325,0,[0 0 0 0],13
1444,1326,483,[59  0  1  1],11
1445,1327,0,[0 0 0 0],13
1446,1328,484,[39  1  1  1],0
1447,1328,485,[49  0  0  1],0
1448,1329,387,[68  1  0  0],10
1449,1330,0,[0 0 0 0],13
1450,1331,0,[0 0 0 0],13
1451,1332,0,[0 0 0 0],13
1452,1333,0,[0 0 0 0],13
1453,1334,388,[1202    0    1    0],11
1454,1334,389,[452   1   1   0],12
1455,1335,0,[0 0 0 0],13
1456,1336,0,[0 0 0 0],13
1457,1337,0,[0 0 0 0],13
1458,1338,0,[0 0 0 0],13
1459,1339,0,[0 0 0 0],13
1460,1340,0,[0 0 0 0],13
1461,1341,0,[0 0 0 0],13
1462,1342,390,[1257    1    1    0],12
1463,1343,0,[0 0 0 0],13
1464,1344,0,[0 0 0 0],13
1465,1345,486,[21  0  0  1],0
1466,1345,487,[79  0  0  2],2
1467,1346,0,[0 0 0 0],13
1468,1347,0,[0 0 0 0],13
1469,1348,0,[0 0 0 0],13
1470,1349,0,[0 0 0 0],13
1471,1350,0,[0 0 0 0],13
1472,1351,488,[49  0  0  1],2
1473,1352,489,[32  0  1  1],0
1474,1352,391,[1362    0    0    0],1
1475,1353,0,[0 0 0 0],13
1476,1354,0,[0 0 0 0],13
1477,1355,0,[0 0 0 0],13
1478,1356,0,[0 0 0 0],13
1479,1357,490,[61  0  1  2],2
1480,1358,0,[0 0 0 0],13
1481,1359,392,[1133    1    1    0],1
1482,1360,0,[0 0 0 0],13
1483,1361,0,[0 0 0 0],13
1484,1362,393,[707   1   1   0],10
1485,1363,491,[70  0  0  2],2
1486,1364,0,[0 0 0 0],13
1487,1365,0,[0 0 0 0],13
1488,1366,0,[0 0 0 0],13
1489,1367,0,[0 0 0 0],13
1490,1368,0,[0 0 0 0],13
1491,1369,394,[450   1   1   0],0
1492,1370,0,[0 0 0 0],13
1493,1371,0,[0 0 0 0],13
1494,1372,0,[0 0 0 0],13
1495,1373,0,[0 0 0 0],13
1496,1374,0,[0 0 0 0],13
1497,1375,0,[0 0 0 0],13
1498,1376,0,[0 0 0 0],13
1499,1377,0,[0 0 0 0],13
1500,1378,0,[0 0 0 0],13
1501,1379,0,[0 0 0 0],13
1502,1380,0,[0 0 0 0],13
1503,1381,0,[0 0 0 0],13
1504,1382,0,[0 0 0 0],13
1505,1383,0,[0 0 0 0],13
1506,1384,0,[0 0 0 0],13
1507,1385,492,[27  0  1  1],5
1508,1386,0,[0 0 0 0],13
1509,1387,0,[0 0 0 0],13
1510,1388,0,[0 0 0 0],13
1511,1389,0,[0 0 0 0],13
1512,1390,0,[0 0 0 0],13
1513,1391,0,[0 0 0 0],13
1514,1392,493,[63  0  1  2],2
1515,1393,0,[0 0 0 0],13
1516,1394,0,[0 0 0 0],13
1517,1395,0,[0 0 0 0],13
1518,1396,0,[0 0 0 0],13
1519,1397,0,[0 0 0 0],13
1520,1398,494,[51  1  0  1],11
1521,1399,395,[852   1   0   0],1
1522,1400,0,[0 0 0 0],13
1523,1401,0,[0 0 0 0],13
1524,1402,0,[0 0 0 0],13
1525,1403,0,[0 0 0 0],13
1526,1404,0,[0 0 0 0],13
1527,1405,0,[0 0 0 0],13
1528,1406,0,[0 0 0 0],13
1529,1407,0,[0 0 0 0],13
1530,1408,0,[0 0 0 0],13
1531,1409,0,[0 0 0 0],13
1532,1410,0,[0 0 0 0],13
1533,1411,0,[0 0 0 0],13
1534,1412,495,[44  0  1  1],2
1535,1413,0,[0 0 0 0],13
1536,1414,0,[0 0 0 0],13
1537,1415,0,[0 0 0 0],13
1538,1416,0,[0 0 0 0],13
1539,1417,0,[0 0 0 0],13
1540,1418,396,[351   1   0   0],10
1541,1419,496,[56  1  1  1],5
1542,1420,0,[0 0 0 0],13
1543,1421,0,[0 0 0 0],13
1544,1422,0,[0 0 0 0],13
1545,1423,497,[43  0  1  1],5
1546,1423,397,[160   1   0   0],1
1547,1423,498,[97  0  1  2],2
1548,1424,0,[0 0 0 0],13
1549,1425,0,[0 0 0 0],13
1550,1426,499,[103   1   0   2],2
1551,1427,0,[0 0 0 0],13
1552,1428,0,[0 0 0 0],13
1553,1429,0,[0 0 0 0],13
1554,1430,0,[0 0 0 0],13
1555,1431,0,[0 0 0 0],13
1556,1432,398,[359   1   1   0],10
1557,1433,0,[0 0 0 0],13
1558,1434,399,[205   0   0   0],4
1559,1435,0,[0 0 0 0],13
1560,1436,0,[0 0 0 0],13
1561,1437,0,[0 0 0 0],13
1562,1438,0,[0 0 0 0],13
1563,1439,0,[0 0 0 0],13
1564,1440,0,[0 0 0 0],13
